<?xml version="1.0" encoding="utf-8"?>
<ResourceInfo xmlns:xsd="http://www.w3.org/2001/XMLSchema" xmlns:xsi="http://www.w3.org/2001/XMLSchema-instance" Name="NxOS Simulator" FolderFullPath="" Address="172.16.1.142" ModelName="Cisco NXOS Switch 2G" Driver="Cisco NXOS Switch 2G" xmlns="http://schemas.qualisystems.com/ResourceManagement/ResourceSchema.xsd">
  <Attributes>
    <Attribute Name="Cisco NXOS Switch 2G.tftp_server" Value="tftp://172.16.1.20/" />
    <Attribute Name="CS_Switch.OS Version" Value="7.3(0)D1(1)," />
    <Attribute Name="CS_Switch.System Name" Value="NXOSv" />
    <Attribute Name="CS_Switch.Vendor" Value="Cisco" />
    <Attribute Name="CS_Switch.Contact Name" Value="" />
    <Attribute Name="CS_Switch.Location" Value="" />
    <Attribute Name="CS_Switch.Model" Value="cevChassisN7Kc7018" />
    <Attribute Name="CS_Switch.Model Name" Value="cevChassisN7Kc7018" />
    <Attribute Name="Cisco NXOS Switch 2G.VRF Management Name" Value="management" />
    <Attribute Name="Cisco NXOS Switch 2G.User" Value="admin" />
    <Attribute Name="Cisco NXOS Switch 2G.Password" Value="DxTbqlSgAVPmrDLlHvJrsA==" />
    <Attribute Name="Cisco NXOS Switch 2G.Enable Password" Value="3M3u7nkDzxWb0aJ/IZYeWw==" />
    <Attribute Name="Cisco NXOS Switch 2G.Power Management" Value="True" />
    <Attribute Name="Cisco NXOS Switch 2G.Sessions Concurrency Limit" Value="3" />
    <Attribute Name="Cisco NXOS Switch 2G.SNMP Read Community" Value="xgJTCxVKHzjlQuDRWxjuPw==" />
    <Attribute Name="Cisco NXOS Switch 2G.SNMP Write Community" Value="3M3u7nkDzxWb0aJ/IZYeWw==" />
    <Attribute Name="Cisco NXOS Switch 2G.SNMP V3 User" Value="" />
    <Attribute Name="Cisco NXOS Switch 2G.SNMP V3 Password" Value="3M3u7nkDzxWb0aJ/IZYeWw==" />
    <Attribute Name="Cisco NXOS Switch 2G.SNMP V3 Private Key" Value="" />
    <Attribute Name="Cisco NXOS Switch 2G.SNMP V3 Authentication Protocol" Value="No Authentication Protocol" />
    <Attribute Name="Cisco NXOS Switch 2G.SNMP V3 Privacy Protocol" Value="No Privacy Protocol" />
    <Attribute Name="Cisco NXOS Switch 2G.SNMP Version" Value="v2c" />
    <Attribute Name="Cisco NXOS Switch 2G.Enable SNMP" Value="True" />
    <Attribute Name="Cisco NXOS Switch 2G.Disable SNMP" Value="False" />
    <Attribute Name="Cisco NXOS Switch 2G.Console Server IP Address" Value="192.168.42.155" />
    <Attribute Name="Cisco NXOS Switch 2G.Console User" Value="admin" />
    <Attribute Name="Cisco NXOS Switch 2G.Console Port" Value="17001" />
    <Attribute Name="Cisco NXOS Switch 2G.Console Password" Value="DxTbqlSgAVPmrDLlHvJrsA==" />
    <Attribute Name="Cisco NXOS Switch 2G.CLI Connection Type" Value="SSH" />
    <Attribute Name="Cisco NXOS Switch 2G.CLI TCP Port" Value="22" />
    <Attribute Name="Cisco NXOS Switch 2G.Backup Location" Value="tftp://172.16.1.20/" />
    <Attribute Name="Cisco NXOS Switch 2G.Backup Type" Value="File System" />
    <Attribute Name="Cisco NXOS Switch 2G.Backup User" Value="" />
    <Attribute Name="Cisco NXOS Switch 2G.Backup Password" Value="3M3u7nkDzxWb0aJ/IZYeWw==" />
  </Attributes>
  <ChildResources>
    <ResourceInfo Name="Chassis 1" Address="CH1" ModelName="Cisco NXOS Switch 2G.GenericChassis" Description="" UniqueIdentifier="NxOS Simulator.chassis.149">
      <Attributes>
        <Attribute Name="CS_Chassis.Model Name" Value="" />
        <Attribute Name="Cisco NXOS Switch 2G.GenericChassis.Model" Value="N7K-C7018" />
        <Attribute Name="Cisco NXOS Switch 2G.GenericChassis.Serial Number" Value="TB3E108D47B" />
      </Attributes>
      <ChildResources>
        <ResourceInfo Name="Module 2" Address="M2" ModelName="Cisco NXOS Switch 2G.GenericModule" Description="" UniqueIdentifier="NxOS Simulator.module.23">
          <Attributes>
            <Attribute Name="CS_Module.Model Name" Value="" />
            <Attribute Name="Cisco NXOS Switch 2G.GenericModule.Model" Value="NX-OSv Ethernet Module" />
            <Attribute Name="Cisco NXOS Switch 2G.GenericModule.Version" Value="" />
            <Attribute Name="Cisco NXOS Switch 2G.GenericModule.Serial Number" Value="TM3E108D47C" />
          </Attributes>
          <ChildResources>
            <ResourceInfo Name="Ethernet2-6" Address="P6" ModelName="Cisco NXOS Switch 2G.GenericPort" Description="" UniqueIdentifier="NxOS Simulator.port.5211">
              <Attributes>
                <Attribute Name="CS_Port.Model Name" Value="" />
                <Attribute Name="Cisco NXOS Switch 2G.GenericPort.MAC Address" Value="00:00:00:00:00:00" />
                <Attribute Name="Cisco NXOS Switch 2G.GenericPort.L2 Protocol Type" Value="other" />
                <Attribute Name="Cisco NXOS Switch 2G.GenericPort.IPv4 Address" Value="" />
                <Attribute Name="Cisco NXOS Switch 2G.GenericPort.IPv6 Address" Value="" />
                <Attribute Name="Cisco NXOS Switch 2G.GenericPort.Port Description" Value="" />
                <Attribute Name="Cisco NXOS Switch 2G.GenericPort.Bandwidth" Value="1000" />
                <Attribute Name="Cisco NXOS Switch 2G.GenericPort.MTU" Value="1500" />
                <Attribute Name="Cisco NXOS Switch 2G.GenericPort.Duplex" Value="Half" />
                <Attribute Name="Cisco NXOS Switch 2G.GenericPort.Adjacent" Value="" />
                <Attribute Name="Cisco NXOS Switch 2G.GenericPort.Auto Negotiation" Value="False" />
              </Attributes>
              <ChildResources />
              <Connections />
            </ResourceInfo>
            <ResourceInfo Name="Ethernet2-2" Address="P2" ModelName="Cisco NXOS Switch 2G.GenericPort" Description="" UniqueIdentifier="NxOS Simulator.port.5207">
              <Attributes>
                <Attribute Name="CS_Port.Model Name" Value="" />
                <Attribute Name="Cisco NXOS Switch 2G.GenericPort.MAC Address" Value="fa:16:3e:3d:92:57" />
                <Attribute Name="Cisco NXOS Switch 2G.GenericPort.L2 Protocol Type" Value="other" />
                <Attribute Name="Cisco NXOS Switch 2G.GenericPort.IPv4 Address" Value="" />
                <Attribute Name="Cisco NXOS Switch 2G.GenericPort.IPv6 Address" Value="" />
                <Attribute Name="Cisco NXOS Switch 2G.GenericPort.Port Description" Value="" />
                <Attribute Name="Cisco NXOS Switch 2G.GenericPort.Bandwidth" Value="1000" />
                <Attribute Name="Cisco NXOS Switch 2G.GenericPort.MTU" Value="1500" />
                <Attribute Name="Cisco NXOS Switch 2G.GenericPort.Duplex" Value="Half" />
                <Attribute Name="Cisco NXOS Switch 2G.GenericPort.Adjacent" Value="" />
                <Attribute Name="Cisco NXOS Switch 2G.GenericPort.Auto Negotiation" Value="False" />
              </Attributes>
              <ChildResources />
              <Connections />
            </ResourceInfo>
            <ResourceInfo Name="Ethernet2-5" Address="P5" ModelName="Cisco NXOS Switch 2G.GenericPort" Description="" UniqueIdentifier="NxOS Simulator.port.5210">
              <Attributes>
                <Attribute Name="CS_Port.Model Name" Value="" />
                <Attribute Name="Cisco NXOS Switch 2G.GenericPort.MAC Address" Value="fa:16:3e:83:e8:c8" />
                <Attribute Name="Cisco NXOS Switch 2G.GenericPort.L2 Protocol Type" Value="other" />
                <Attribute Name="Cisco NXOS Switch 2G.GenericPort.IPv4 Address" Value="" />
                <Attribute Name="Cisco NXOS Switch 2G.GenericPort.IPv6 Address" Value="" />
                <Attribute Name="Cisco NXOS Switch 2G.GenericPort.Port Description" Value="" />
                <Attribute Name="Cisco NXOS Switch 2G.GenericPort.Bandwidth" Value="1000" />
                <Attribute Name="Cisco NXOS Switch 2G.GenericPort.MTU" Value="1500" />
                <Attribute Name="Cisco NXOS Switch 2G.GenericPort.Duplex" Value="Half" />
                <Attribute Name="Cisco NXOS Switch 2G.GenericPort.Adjacent" Value="" />
                <Attribute Name="Cisco NXOS Switch 2G.GenericPort.Auto Negotiation" Value="False" />
              </Attributes>
              <ChildResources />
              <Connections />
            </ResourceInfo>
            <ResourceInfo Name="Ethernet2-3" Address="P3" ModelName="Cisco NXOS Switch 2G.GenericPort" Description="" UniqueIdentifier="NxOS Simulator.port.5208">
              <Attributes>
                <Attribute Name="CS_Port.Model Name" Value="" />
                <Attribute Name="Cisco NXOS Switch 2G.GenericPort.MAC Address" Value="fa:16:3e:d7:cd:81" />
                <Attribute Name="Cisco NXOS Switch 2G.GenericPort.L2 Protocol Type" Value="other" />
                <Attribute Name="Cisco NXOS Switch 2G.GenericPort.IPv4 Address" Value="" />
                <Attribute Name="Cisco NXOS Switch 2G.GenericPort.IPv6 Address" Value="" />
                <Attribute Name="Cisco NXOS Switch 2G.GenericPort.Port Description" Value="" />
                <Attribute Name="Cisco NXOS Switch 2G.GenericPort.Bandwidth" Value="1000" />
                <Attribute Name="Cisco NXOS Switch 2G.GenericPort.MTU" Value="1500" />
                <Attribute Name="Cisco NXOS Switch 2G.GenericPort.Duplex" Value="Half" />
                <Attribute Name="Cisco NXOS Switch 2G.GenericPort.Adjacent" Value="" />
                <Attribute Name="Cisco NXOS Switch 2G.GenericPort.Auto Negotiation" Value="False" />
              </Attributes>
              <ChildResources />
              <Connections />
            </ResourceInfo>
            <ResourceInfo Name="Ethernet2-4" Address="P4" ModelName="Cisco NXOS Switch 2G.GenericPort" Description="" UniqueIdentifier="NxOS Simulator.port.5209">
              <Attributes>
                <Attribute Name="CS_Port.Model Name" Value="" />
                <Attribute Name="Cisco NXOS Switch 2G.GenericPort.MAC Address" Value="fa:16:3e:6b:3c:ed" />
                <Attribute Name="Cisco NXOS Switch 2G.GenericPort.L2 Protocol Type" Value="other" />
                <Attribute Name="Cisco NXOS Switch 2G.GenericPort.IPv4 Address" Value="" />
                <Attribute Name="Cisco NXOS Switch 2G.GenericPort.IPv6 Address" Value="" />
                <Attribute Name="Cisco NXOS Switch 2G.GenericPort.Port Description" Value="" />
                <Attribute Name="Cisco NXOS Switch 2G.GenericPort.Bandwidth" Value="1000" />
                <Attribute Name="Cisco NXOS Switch 2G.GenericPort.MTU" Value="1500" />
                <Attribute Name="Cisco NXOS Switch 2G.GenericPort.Duplex" Value="Half" />
                <Attribute Name="Cisco NXOS Switch 2G.GenericPort.Adjacent" Value="" />
                <Attribute Name="Cisco NXOS Switch 2G.GenericPort.Auto Negotiation" Value="False" />
              </Attributes>
              <ChildResources />
              <Connections />
            </ResourceInfo>
            <ResourceInfo Name="Ethernet2-7" Address="P7" ModelName="Cisco NXOS Switch 2G.GenericPort" Description="" UniqueIdentifier="NxOS Simulator.port.5212">
              <Attributes>
                <Attribute Name="CS_Port.Model Name" Value="" />
                <Attribute Name="Cisco NXOS Switch 2G.GenericPort.MAC Address" Value="00:00:00:00:00:00" />
                <Attribute Name="Cisco NXOS Switch 2G.GenericPort.L2 Protocol Type" Value="other" />
                <Attribute Name="Cisco NXOS Switch 2G.GenericPort.IPv4 Address" Value="" />
                <Attribute Name="Cisco NXOS Switch 2G.GenericPort.IPv6 Address" Value="" />
                <Attribute Name="Cisco NXOS Switch 2G.GenericPort.Port Description" Value="" />
                <Attribute Name="Cisco NXOS Switch 2G.GenericPort.Bandwidth" Value="1000" />
                <Attribute Name="Cisco NXOS Switch 2G.GenericPort.MTU" Value="1500" />
                <Attribute Name="Cisco NXOS Switch 2G.GenericPort.Duplex" Value="Half" />
                <Attribute Name="Cisco NXOS Switch 2G.GenericPort.Adjacent" Value="" />
                <Attribute Name="Cisco NXOS Switch 2G.GenericPort.Auto Negotiation" Value="False" />
              </Attributes>
              <ChildResources />
              <Connections />
            </ResourceInfo>
            <ResourceInfo Name="Ethernet2-1" Address="P1" ModelName="Cisco NXOS Switch 2G.GenericPort" Description="" UniqueIdentifier="NxOS Simulator.port.5206">
              <Attributes>
                <Attribute Name="CS_Port.Model Name" Value="" />
                <Attribute Name="Cisco NXOS Switch 2G.GenericPort.MAC Address" Value="fa:16:3e:80:e9:48" />
                <Attribute Name="Cisco NXOS Switch 2G.GenericPort.L2 Protocol Type" Value="other" />
                <Attribute Name="Cisco NXOS Switch 2G.GenericPort.IPv4 Address" Value="" />
                <Attribute Name="Cisco NXOS Switch 2G.GenericPort.IPv6 Address" Value="" />
                <Attribute Name="Cisco NXOS Switch 2G.GenericPort.Port Description" Value="" />
                <Attribute Name="Cisco NXOS Switch 2G.GenericPort.Bandwidth" Value="1000" />
                <Attribute Name="Cisco NXOS Switch 2G.GenericPort.MTU" Value="1500" />
                <Attribute Name="Cisco NXOS Switch 2G.GenericPort.Duplex" Value="Half" />
                <Attribute Name="Cisco NXOS Switch 2G.GenericPort.Adjacent" Value="" />
                <Attribute Name="Cisco NXOS Switch 2G.GenericPort.Auto Negotiation" Value="False" />
              </Attributes>
              <ChildResources />
              <Connections />
            </ResourceInfo>
          </ChildResources>
          <Connections />
        </ResourceInfo>
        <ResourceInfo Name="Module 4" Address="M4" ModelName="Cisco NXOS Switch 2G.GenericModule" Description="" UniqueIdentifier="NxOS Simulator.module.25">
          <Attributes>
            <Attribute Name="CS_Module.Model Name" Value="" />
            <Attribute Name="Cisco NXOS Switch 2G.GenericModule.Model" Value="NX-OSv Ethernet Module" />
            <Attribute Name="Cisco NXOS Switch 2G.GenericModule.Version" Value="" />
            <Attribute Name="Cisco NXOS Switch 2G.GenericModule.Serial Number" Value="TM3E108D47E" />
          </Attributes>
          <ChildResources>
            <ResourceInfo Name="Ethernet4-4" Address="P4" ModelName="Cisco NXOS Switch 2G.GenericPort" Description="" UniqueIdentifier="NxOS Simulator.port.5721">
              <Attributes>
                <Attribute Name="CS_Port.Model Name" Value="" />
                <Attribute Name="Cisco NXOS Switch 2G.GenericPort.MAC Address" Value="00:00:00:00:00:2f" />
                <Attribute Name="Cisco NXOS Switch 2G.GenericPort.L2 Protocol Type" Value="other" />
                <Attribute Name="Cisco NXOS Switch 2G.GenericPort.IPv4 Address" Value="" />
                <Attribute Name="Cisco NXOS Switch 2G.GenericPort.IPv6 Address" Value="" />
                <Attribute Name="Cisco NXOS Switch 2G.GenericPort.Port Description" Value="" />
                <Attribute Name="Cisco NXOS Switch 2G.GenericPort.Bandwidth" Value="1000" />
                <Attribute Name="Cisco NXOS Switch 2G.GenericPort.MTU" Value="1500" />
                <Attribute Name="Cisco NXOS Switch 2G.GenericPort.Duplex" Value="Half" />
                <Attribute Name="Cisco NXOS Switch 2G.GenericPort.Adjacent" Value="" />
                <Attribute Name="Cisco NXOS Switch 2G.GenericPort.Auto Negotiation" Value="False" />
              </Attributes>
              <ChildResources />
              <Connections />
            </ResourceInfo>
            <ResourceInfo Name="Ethernet4-7" Address="P7" ModelName="Cisco NXOS Switch 2G.GenericPort" Description="" UniqueIdentifier="NxOS Simulator.port.5724">
              <Attributes>
                <Attribute Name="CS_Port.Model Name" Value="" />
                <Attribute Name="Cisco NXOS Switch 2G.GenericPort.MAC Address" Value="00:00:00:00:00:00" />
                <Attribute Name="Cisco NXOS Switch 2G.GenericPort.L2 Protocol Type" Value="other" />
                <Attribute Name="Cisco NXOS Switch 2G.GenericPort.IPv4 Address" Value="" />
                <Attribute Name="Cisco NXOS Switch 2G.GenericPort.IPv6 Address" Value="" />
                <Attribute Name="Cisco NXOS Switch 2G.GenericPort.Port Description" Value="" />
                <Attribute Name="Cisco NXOS Switch 2G.GenericPort.Bandwidth" Value="1000" />
                <Attribute Name="Cisco NXOS Switch 2G.GenericPort.MTU" Value="1500" />
                <Attribute Name="Cisco NXOS Switch 2G.GenericPort.Duplex" Value="Half" />
                <Attribute Name="Cisco NXOS Switch 2G.GenericPort.Adjacent" Value="" />
                <Attribute Name="Cisco NXOS Switch 2G.GenericPort.Auto Negotiation" Value="False" />
              </Attributes>
              <ChildResources />
              <Connections />
            </ResourceInfo>
            <ResourceInfo Name="Ethernet4-1" Address="P1" ModelName="Cisco NXOS Switch 2G.GenericPort" Description="" UniqueIdentifier="NxOS Simulator.port.5718">
              <Attributes>
                <Attribute Name="CS_Port.Model Name" Value="" />
                <Attribute Name="Cisco NXOS Switch 2G.GenericPort.MAC Address" Value="00:00:00:00:00:2f" />
                <Attribute Name="Cisco NXOS Switch 2G.GenericPort.L2 Protocol Type" Value="other" />
                <Attribute Name="Cisco NXOS Switch 2G.GenericPort.IPv4 Address" Value="" />
                <Attribute Name="Cisco NXOS Switch 2G.GenericPort.IPv6 Address" Value="" />
                <Attribute Name="Cisco NXOS Switch 2G.GenericPort.Port Description" Value="" />
                <Attribute Name="Cisco NXOS Switch 2G.GenericPort.Bandwidth" Value="1000" />
                <Attribute Name="Cisco NXOS Switch 2G.GenericPort.MTU" Value="1500" />
                <Attribute Name="Cisco NXOS Switch 2G.GenericPort.Duplex" Value="Half" />
                <Attribute Name="Cisco NXOS Switch 2G.GenericPort.Adjacent" Value="" />
                <Attribute Name="Cisco NXOS Switch 2G.GenericPort.Auto Negotiation" Value="False" />
              </Attributes>
              <ChildResources />
              <Connections />
            </ResourceInfo>
            <ResourceInfo Name="Ethernet4-6" Address="P6" ModelName="Cisco NXOS Switch 2G.GenericPort" Description="" UniqueIdentifier="NxOS Simulator.port.5723">
              <Attributes>
                <Attribute Name="CS_Port.Model Name" Value="" />
                <Attribute Name="Cisco NXOS Switch 2G.GenericPort.MAC Address" Value="00:00:00:00:00:00" />
                <Attribute Name="Cisco NXOS Switch 2G.GenericPort.L2 Protocol Type" Value="other" />
                <Attribute Name="Cisco NXOS Switch 2G.GenericPort.IPv4 Address" Value="" />
                <Attribute Name="Cisco NXOS Switch 2G.GenericPort.IPv6 Address" Value="" />
                <Attribute Name="Cisco NXOS Switch 2G.GenericPort.Port Description" Value="" />
                <Attribute Name="Cisco NXOS Switch 2G.GenericPort.Bandwidth" Value="1000" />
                <Attribute Name="Cisco NXOS Switch 2G.GenericPort.MTU" Value="1500" />
                <Attribute Name="Cisco NXOS Switch 2G.GenericPort.Duplex" Value="Half" />
                <Attribute Name="Cisco NXOS Switch 2G.GenericPort.Adjacent" Value="" />
                <Attribute Name="Cisco NXOS Switch 2G.GenericPort.Auto Negotiation" Value="False" />
              </Attributes>
              <ChildResources />
              <Connections />
            </ResourceInfo>
            <ResourceInfo Name="Ethernet4-2" Address="P2" ModelName="Cisco NXOS Switch 2G.GenericPort" Description="" UniqueIdentifier="NxOS Simulator.port.5719">
              <Attributes>
                <Attribute Name="CS_Port.Model Name" Value="" />
                <Attribute Name="Cisco NXOS Switch 2G.GenericPort.MAC Address" Value="00:00:00:00:00:2f" />
                <Attribute Name="Cisco NXOS Switch 2G.GenericPort.L2 Protocol Type" Value="other" />
                <Attribute Name="Cisco NXOS Switch 2G.GenericPort.IPv4 Address" Value="" />
                <Attribute Name="Cisco NXOS Switch 2G.GenericPort.IPv6 Address" Value="" />
                <Attribute Name="Cisco NXOS Switch 2G.GenericPort.Port Description" Value="" />
                <Attribute Name="Cisco NXOS Switch 2G.GenericPort.Bandwidth" Value="1000" />
                <Attribute Name="Cisco NXOS Switch 2G.GenericPort.MTU" Value="1500" />
                <Attribute Name="Cisco NXOS Switch 2G.GenericPort.Duplex" Value="Half" />
                <Attribute Name="Cisco NXOS Switch 2G.GenericPort.Adjacent" Value="" />
                <Attribute Name="Cisco NXOS Switch 2G.GenericPort.Auto Negotiation" Value="False" />
              </Attributes>
              <ChildResources />
              <Connections />
            </ResourceInfo>
            <ResourceInfo Name="Ethernet4-3" Address="P3" ModelName="Cisco NXOS Switch 2G.GenericPort" Description="" UniqueIdentifier="NxOS Simulator.port.5720">
              <Attributes>
                <Attribute Name="CS_Port.Model Name" Value="" />
                <Attribute Name="Cisco NXOS Switch 2G.GenericPort.MAC Address" Value="00:00:00:00:00:2f" />
                <Attribute Name="Cisco NXOS Switch 2G.GenericPort.L2 Protocol Type" Value="other" />
                <Attribute Name="Cisco NXOS Switch 2G.GenericPort.IPv4 Address" Value="" />
                <Attribute Name="Cisco NXOS Switch 2G.GenericPort.IPv6 Address" Value="" />
                <Attribute Name="Cisco NXOS Switch 2G.GenericPort.Port Description" Value="" />
                <Attribute Name="Cisco NXOS Switch 2G.GenericPort.Bandwidth" Value="1000" />
                <Attribute Name="Cisco NXOS Switch 2G.GenericPort.MTU" Value="1500" />
                <Attribute Name="Cisco NXOS Switch 2G.GenericPort.Duplex" Value="Half" />
                <Attribute Name="Cisco NXOS Switch 2G.GenericPort.Adjacent" Value="" />
                <Attribute Name="Cisco NXOS Switch 2G.GenericPort.Auto Negotiation" Value="False" />
              </Attributes>
              <ChildResources />
              <Connections />
            </ResourceInfo>
            <ResourceInfo Name="Ethernet4-5" Address="P5" ModelName="Cisco NXOS Switch 2G.GenericPort" Description="" UniqueIdentifier="NxOS Simulator.port.5722">
              <Attributes>
                <Attribute Name="CS_Port.Model Name" Value="" />
                <Attribute Name="Cisco NXOS Switch 2G.GenericPort.MAC Address" Value="00:00:00:00:00:2f" />
                <Attribute Name="Cisco NXOS Switch 2G.GenericPort.L2 Protocol Type" Value="other" />
                <Attribute Name="Cisco NXOS Switch 2G.GenericPort.IPv4 Address" Value="" />
                <Attribute Name="Cisco NXOS Switch 2G.GenericPort.IPv6 Address" Value="" />
                <Attribute Name="Cisco NXOS Switch 2G.GenericPort.Port Description" Value="" />
                <Attribute Name="Cisco NXOS Switch 2G.GenericPort.Bandwidth" Value="1000" />
                <Attribute Name="Cisco NXOS Switch 2G.GenericPort.MTU" Value="1500" />
                <Attribute Name="Cisco NXOS Switch 2G.GenericPort.Duplex" Value="Half" />
                <Attribute Name="Cisco NXOS Switch 2G.GenericPort.Adjacent" Value="" />
                <Attribute Name="Cisco NXOS Switch 2G.GenericPort.Auto Negotiation" Value="False" />
              </Attributes>
              <ChildResources />
              <Connections />
            </ResourceInfo>
          </ChildResources>
          <Connections />
        </ResourceInfo>
        <ResourceInfo Name="Module 3" Address="M3" ModelName="Cisco NXOS Switch 2G.GenericModule" Description="" UniqueIdentifier="NxOS Simulator.module.24">
          <Attributes>
            <Attribute Name="CS_Module.Model Name" Value="" />
            <Attribute Name="Cisco NXOS Switch 2G.GenericModule.Model" Value="NX-OSv Ethernet Module" />
            <Attribute Name="Cisco NXOS Switch 2G.GenericModule.Version" Value="" />
            <Attribute Name="Cisco NXOS Switch 2G.GenericModule.Serial Number" Value="TM3E108D47D" />
          </Attributes>
          <ChildResources>
            <ResourceInfo Name="Ethernet3-4" Address="P4" ModelName="Cisco NXOS Switch 2G.GenericPort" Description="" UniqueIdentifier="NxOS Simulator.port.5465">
              <Attributes>
                <Attribute Name="CS_Port.Model Name" Value="" />
                <Attribute Name="Cisco NXOS Switch 2G.GenericPort.MAC Address" Value="00:00:00:00:00:2f" />
                <Attribute Name="Cisco NXOS Switch 2G.GenericPort.L2 Protocol Type" Value="other" />
                <Attribute Name="Cisco NXOS Switch 2G.GenericPort.IPv4 Address" Value="" />
                <Attribute Name="Cisco NXOS Switch 2G.GenericPort.IPv6 Address" Value="" />
                <Attribute Name="Cisco NXOS Switch 2G.GenericPort.Port Description" Value="" />
                <Attribute Name="Cisco NXOS Switch 2G.GenericPort.Bandwidth" Value="1000" />
                <Attribute Name="Cisco NXOS Switch 2G.GenericPort.MTU" Value="1500" />
                <Attribute Name="Cisco NXOS Switch 2G.GenericPort.Duplex" Value="Half" />
                <Attribute Name="Cisco NXOS Switch 2G.GenericPort.Adjacent" Value="" />
                <Attribute Name="Cisco NXOS Switch 2G.GenericPort.Auto Negotiation" Value="False" />
              </Attributes>
              <ChildResources />
              <Connections />
            </ResourceInfo>
            <ResourceInfo Name="Ethernet3-7" Address="P7" ModelName="Cisco NXOS Switch 2G.GenericPort" Description="" UniqueIdentifier="NxOS Simulator.port.5468">
              <Attributes>
                <Attribute Name="CS_Port.Model Name" Value="" />
                <Attribute Name="Cisco NXOS Switch 2G.GenericPort.MAC Address" Value="00:00:00:00:00:00" />
                <Attribute Name="Cisco NXOS Switch 2G.GenericPort.L2 Protocol Type" Value="other" />
                <Attribute Name="Cisco NXOS Switch 2G.GenericPort.IPv4 Address" Value="" />
                <Attribute Name="Cisco NXOS Switch 2G.GenericPort.IPv6 Address" Value="" />
                <Attribute Name="Cisco NXOS Switch 2G.GenericPort.Port Description" Value="" />
                <Attribute Name="Cisco NXOS Switch 2G.GenericPort.Bandwidth" Value="1000" />
                <Attribute Name="Cisco NXOS Switch 2G.GenericPort.MTU" Value="1500" />
                <Attribute Name="Cisco NXOS Switch 2G.GenericPort.Duplex" Value="Half" />
                <Attribute Name="Cisco NXOS Switch 2G.GenericPort.Adjacent" Value="" />
                <Attribute Name="Cisco NXOS Switch 2G.GenericPort.Auto Negotiation" Value="False" />
              </Attributes>
              <ChildResources />
              <Connections />
            </ResourceInfo>
            <ResourceInfo Name="Ethernet3-6" Address="P6" ModelName="Cisco NXOS Switch 2G.GenericPort" Description="" UniqueIdentifier="NxOS Simulator.port.5467">
              <Attributes>
                <Attribute Name="CS_Port.Model Name" Value="" />
                <Attribute Name="Cisco NXOS Switch 2G.GenericPort.MAC Address" Value="00:00:00:00:00:00" />
                <Attribute Name="Cisco NXOS Switch 2G.GenericPort.L2 Protocol Type" Value="other" />
                <Attribute Name="Cisco NXOS Switch 2G.GenericPort.IPv4 Address" Value="" />
                <Attribute Name="Cisco NXOS Switch 2G.GenericPort.IPv6 Address" Value="" />
                <Attribute Name="Cisco NXOS Switch 2G.GenericPort.Port Description" Value="" />
                <Attribute Name="Cisco NXOS Switch 2G.GenericPort.Bandwidth" Value="1000" />
                <Attribute Name="Cisco NXOS Switch 2G.GenericPort.MTU" Value="1500" />
                <Attribute Name="Cisco NXOS Switch 2G.GenericPort.Duplex" Value="Half" />
                <Attribute Name="Cisco NXOS Switch 2G.GenericPort.Adjacent" Value="" />
                <Attribute Name="Cisco NXOS Switch 2G.GenericPort.Auto Negotiation" Value="False" />
              </Attributes>
              <ChildResources />
              <Connections />
            </ResourceInfo>
            <ResourceInfo Name="Ethernet3-1" Address="P1" ModelName="Cisco NXOS Switch 2G.GenericPort" Description="" UniqueIdentifier="NxOS Simulator.port.5462">
              <Attributes>
                <Attribute Name="CS_Port.Model Name" Value="" />
                <Attribute Name="Cisco NXOS Switch 2G.GenericPort.MAC Address" Value="00:00:00:00:00:2f" />
                <Attribute Name="Cisco NXOS Switch 2G.GenericPort.L2 Protocol Type" Value="other" />
                <Attribute Name="Cisco NXOS Switch 2G.GenericPort.IPv4 Address" Value="" />
                <Attribute Name="Cisco NXOS Switch 2G.GenericPort.IPv6 Address" Value="" />
                <Attribute Name="Cisco NXOS Switch 2G.GenericPort.Port Description" Value="" />
                <Attribute Name="Cisco NXOS Switch 2G.GenericPort.Bandwidth" Value="1000" />
                <Attribute Name="Cisco NXOS Switch 2G.GenericPort.MTU" Value="1500" />
                <Attribute Name="Cisco NXOS Switch 2G.GenericPort.Duplex" Value="Half" />
                <Attribute Name="Cisco NXOS Switch 2G.GenericPort.Adjacent" Value="" />
                <Attribute Name="Cisco NXOS Switch 2G.GenericPort.Auto Negotiation" Value="False" />
              </Attributes>
              <ChildResources />
              <Connections />
            </ResourceInfo>
            <ResourceInfo Name="Ethernet3-2" Address="P2" ModelName="Cisco NXOS Switch 2G.GenericPort" Description="" UniqueIdentifier="NxOS Simulator.port.5463">
              <Attributes>
                <Attribute Name="CS_Port.Model Name" Value="" />
                <Attribute Name="Cisco NXOS Switch 2G.GenericPort.MAC Address" Value="00:00:00:00:00:2f" />
                <Attribute Name="Cisco NXOS Switch 2G.GenericPort.L2 Protocol Type" Value="other" />
                <Attribute Name="Cisco NXOS Switch 2G.GenericPort.IPv4 Address" Value="" />
                <Attribute Name="Cisco NXOS Switch 2G.GenericPort.IPv6 Address" Value="" />
                <Attribute Name="Cisco NXOS Switch 2G.GenericPort.Port Description" Value="" />
                <Attribute Name="Cisco NXOS Switch 2G.GenericPort.Bandwidth" Value="1000" />
                <Attribute Name="Cisco NXOS Switch 2G.GenericPort.MTU" Value="1500" />
                <Attribute Name="Cisco NXOS Switch 2G.GenericPort.Duplex" Value="Half" />
                <Attribute Name="Cisco NXOS Switch 2G.GenericPort.Adjacent" Value="" />
                <Attribute Name="Cisco NXOS Switch 2G.GenericPort.Auto Negotiation" Value="False" />
              </Attributes>
              <ChildResources />
              <Connections />
            </ResourceInfo>
            <ResourceInfo Name="Ethernet3-5" Address="P5" ModelName="Cisco NXOS Switch 2G.GenericPort" Description="" UniqueIdentifier="NxOS Simulator.port.5466">
              <Attributes>
                <Attribute Name="CS_Port.Model Name" Value="" />
                <Attribute Name="Cisco NXOS Switch 2G.GenericPort.MAC Address" Value="00:00:00:00:00:2f" />
                <Attribute Name="Cisco NXOS Switch 2G.GenericPort.L2 Protocol Type" Value="other" />
                <Attribute Name="Cisco NXOS Switch 2G.GenericPort.IPv4 Address" Value="" />
                <Attribute Name="Cisco NXOS Switch 2G.GenericPort.IPv6 Address" Value="" />
                <Attribute Name="Cisco NXOS Switch 2G.GenericPort.Port Description" Value="" />
                <Attribute Name="Cisco NXOS Switch 2G.GenericPort.Bandwidth" Value="1000" />
                <Attribute Name="Cisco NXOS Switch 2G.GenericPort.MTU" Value="1500" />
                <Attribute Name="Cisco NXOS Switch 2G.GenericPort.Duplex" Value="Half" />
                <Attribute Name="Cisco NXOS Switch 2G.GenericPort.Adjacent" Value="" />
                <Attribute Name="Cisco NXOS Switch 2G.GenericPort.Auto Negotiation" Value="False" />
              </Attributes>
              <ChildResources />
              <Connections />
            </ResourceInfo>
            <ResourceInfo Name="Ethernet3-3" Address="P3" ModelName="Cisco NXOS Switch 2G.GenericPort" Description="" UniqueIdentifier="NxOS Simulator.port.5464">
              <Attributes>
                <Attribute Name="CS_Port.Model Name" Value="" />
                <Attribute Name="Cisco NXOS Switch 2G.GenericPort.MAC Address" Value="00:00:00:00:00:2f" />
                <Attribute Name="Cisco NXOS Switch 2G.GenericPort.L2 Protocol Type" Value="other" />
                <Attribute Name="Cisco NXOS Switch 2G.GenericPort.IPv4 Address" Value="" />
                <Attribute Name="Cisco NXOS Switch 2G.GenericPort.IPv6 Address" Value="" />
                <Attribute Name="Cisco NXOS Switch 2G.GenericPort.Port Description" Value="" />
                <Attribute Name="Cisco NXOS Switch 2G.GenericPort.Bandwidth" Value="1000" />
                <Attribute Name="Cisco NXOS Switch 2G.GenericPort.MTU" Value="1500" />
                <Attribute Name="Cisco NXOS Switch 2G.GenericPort.Duplex" Value="Half" />
                <Attribute Name="Cisco NXOS Switch 2G.GenericPort.Adjacent" Value="" />
                <Attribute Name="Cisco NXOS Switch 2G.GenericPort.Auto Negotiation" Value="False" />
              </Attributes>
              <ChildResources />
              <Connections />
            </ResourceInfo>
          </ChildResources>
          <Connections />
        </ResourceInfo>
      </ChildResources>
      <Connections />
    </ResourceInfo>
  </ChildResources>
  <Connections />
</ResourceInfo>