<?xml version="1.0" encoding="utf-8"?>
<TopologyInfo xmlns:xsd="http://www.w3.org/2001/XMLSchema" xmlns:xsi="http://www.w3.org/2001/XMLSchema-instance">
  <Details Name="NxOS Save and Restore" Alias="NxOS Save and Restore" Driver="Python Setup &amp; Teardown" SetupDuration="10" TeardownDuration="10" Public="true" ImageName="NxOS Save and Restore.png" DefaultDuration="120">
    <Description>Blueprint with preconfigured setup &amp; teardown processes.Deploys Apps and resolves connections on Setup, and deletes App VMs on Teardown</Description>
    <Categories>
      <Category Name="CTC Demo" SubCategory="" />
    </Categories>
    <Scripts>
      <Script Name="setup_with_restore" />
      <Script Name="Default Sandbox Teardown 2.0" />
    </Scripts>
    <Diagram Zoom="1" NodeSize="Medium" />
  </Details>
  <Resources>
    <Resource PositionX="1024" PositionY="221" Name="NxOS Simulator" Shared="true" />
  </Resources>
  <Apps />
  <Inputs>
    <GlobalInput Name="config_to_restore" Type="String" />
  </Inputs>
</TopologyInfo>