<?xml version="1.0" encoding="utf-8"?>
<DataModelInfo xmlns:xsd="http://www.w3.org/2001/XMLSchema" xmlns:xsi="http://www.w3.org/2001/XMLSchema-instance" xmlns="http://schemas.qualisystems.com/ResourceManagement/DataModelSchema.xsd">
  <Attributes />
  <ResourceFamilies />
  <DriverDescriptors>
    <DriverDescriptor Name="Python Setup &amp; Teardown" Description="This driver is used for running Python scripts in the environment setup and teardown. To use this driver, make sure you select a suitable setup and/or teardown script." DriverType="TestShellDriver" />
  </DriverDescriptors>
  <ScriptDescriptors>
    <ScriptDescriptor Name="setup_with_restore" CategoryName="Hidden Commands" Alias="Setup script">
      <ScriptInputs />
    </ScriptDescriptor>
    <ScriptDescriptor Name="Default Sandbox Teardown 2.0" CategoryName="Hidden Commands" Version="1.5.0.215 " Alias="Teardown script">
      <ScriptInputs />
    </ScriptDescriptor>
  </ScriptDescriptors>
</DataModelInfo>