<?xml version="1.0" encoding="utf-8"?>
<Driver Name="GetVlanPoolTable" Version="1.0.0" MainClass="GetVlanPoolTable.GetVlanPoolTable" Description="driver description">
  <Layout>
    <Command Name="example_multiple_params" DisplayName="Example multiple params" Description="Description">
        <Parameters>
            <Parameter Name="user_param1" Type="String" Mandatory = "False" DefaultValue="1" DisplayName="User param 1" Description="Please specify a value here"/>
            <Parameter Name="user_param2" Type="String" Mandatory = "False" DefaultValue="2" DisplayName="User param 2" Description="Please specify a value here"/>
            <Parameter Name="user_param3" Type="String" Mandatory = "False" DefaultValue="3" DisplayName="User param 3" Description="Please specify a value here"/>
        </Parameters>
    </Command>
    <Command Name="example_context" DisplayName="Example context" Description="Description">
        <Parameters>
            <Parameter Name="user_param1" Type="Lookup" Mandatory = "False" AllowedValues="1,2,3" DefaultValue="1" DisplayName="User param 1" Description="Please specify a value here"/>
            <Parameter Name="user_param2" Type="Lookup" Mandatory = "False" AllowedValues="1,2,3" DefaultValue="2" DisplayName="User param 2" Description="Please specify a value here"/>
            <Parameter Name="user_param3" Type="Lookup" Mandatory = "False" AllowedValues="1,2,3" DefaultValue="3" DisplayName="User param 3" Description="Please specify a value here"/>
        </Parameters>
    </Command>
    <Command Name="example_cancellation" DisplayName="Example cancellation" Description="this command can be stopped">
    </Command>
  </Layout>
</Driver>
