<Driver Description="Describe the purpose of your CloudShell shell" MainClass="driver.ObelixDriver" Name="ObelixDriver" Version="1.0.0">
    <Layout>
         <Category Name="Hidden Commands">
            <Command Description="" DisplayName="Orchestration Save" Name="orchestration_save" />
            <Command Description="" DisplayName="Orchestration Restore" Name="orchestration_restore" />
        </Category>
                <Category Name="Management">
            <Command Description="" DisplayName="Update Server Stbs" EnableCancellation="true" Name="update_server_stbs" Tags="allow_unreserved" />
            <Command Description="" DisplayName="Get All Stbs" EnableCancellation="true" Name="get_all_stbs" Tags="allow_unreserved" />
        </Category>
    </Layout>
</Driver>
